{"cameraMode":{"drawMode":0,"name":"Shaded","section":"Shading Mode"},"sceneLighting":false,"audioPlay":false,"sceneViewState":{"showFog":true,"showMaterialUpdate":false,"showSkybox":true,"showFlares":true,"showImageEffects":true,"showParticleSystems":true},"in2DMode":false,"pivot":{"x":94.01000213623047,"y":57.821407318115237,"z":367.54998779296877},"rotation":{"x":-0.024972833693027498,"y":0.9682701826095581,"z":-0.10792151838541031,"w":-0.22404815256595612},"size":6.799514293670654,"orthographic":false}