{"cameraMode":{"drawMode":0,"name":"Shaded","section":"Shading Mode"},"sceneLighting":true,"audioPlay":false,"sceneViewState":{"showFog":true,"showMaterialUpdate":false,"showSkybox":true,"showFlares":true,"showImageEffects":true,"showParticleSystems":true},"in2DMode":false,"pivot":{"x":126.01504516601563,"y":-216.54116821289063,"z":218.19406127929688},"rotation":{"x":0.43804827332496645,"y":0.1863849014043808,"z":-0.09336410462856293,"w":0.8744535446166992},"size":641.3992919921875,"orthographic":false}