{"cameraMode":{"drawMode":0,"name":"Shaded","section":"Shading Mode"},"sceneLighting":true,"audioPlay":false,"sceneViewState":{"showFog":true,"showMaterialUpdate":false,"showSkybox":true,"showFlares":true,"showImageEffects":true,"showParticleSystems":true},"in2DMode":false,"pivot":{"x":172.36416625976563,"y":206.79443359375,"z":753.1035766601563},"rotation":{"x":-0.002655157120898366,"y":0.08391070365905762,"z":0.0005313539877533913,"w":0.9966059327125549},"size":1163.0029296875,"orthographic":false}