{"cameraMode":{"drawMode":0,"name":"Shaded","section":"Shading Mode"},"sceneLighting":false,"audioPlay":false,"sceneViewState":{"showFog":true,"showMaterialUpdate":false,"showSkybox":true,"showFlares":true,"showImageEffects":true,"showParticleSystems":true},"in2DMode":false,"pivot":{"x":-44.67191696166992,"y":158.09506225585938,"z":-31.129133224487306},"rotation":{"x":-0.4197912812232971,"y":-0.5737910866737366,"z":0.43972083926200869,"w":-0.548927366733551},"size":11.321455001831055,"orthographic":false}