{"cameraMode":{"drawMode":0,"name":"Shaded","section":"Shading Mode"},"sceneLighting":false,"audioPlay":false,"sceneViewState":{"showFog":true,"showMaterialUpdate":false,"showSkybox":true,"showFlares":true,"showImageEffects":true,"showParticleSystems":true},"in2DMode":false,"pivot":{"x":62.60466003417969,"y":-182.55551147460938,"z":1216.8701171875},"rotation":{"x":0.15477825701236726,"y":-0.016052015125751497,"z":0.002008605282753706,"w":0.9879293441772461},"size":881.7747192382813,"orthographic":false}