{"cameraMode":{"drawMode":0,"name":"Shaded","section":"Shading Mode"},"sceneLighting":false,"audioPlay":false,"sceneViewState":{"showFog":true,"showMaterialUpdate":false,"showSkybox":true,"showFlares":true,"showImageEffects":true,"showParticleSystems":true},"in2DMode":false,"pivot":{"x":112.3868408203125,"y":55.9970703125,"z":367.75909423828127},"rotation":{"x":0.14305876195430757,"y":-0.2706443667411804,"z":0.04119052737951279,"w":0.9512877464294434},"size":41.037193298339847,"orthographic":false}