{"cameraMode":{"drawMode":0,"name":"Shaded","section":"Shading Mode"},"sceneLighting":false,"audioPlay":false,"sceneViewState":{"showFog":true,"showMaterialUpdate":false,"showSkybox":true,"showFlares":true,"showImageEffects":true,"showParticleSystems":true},"in2DMode":false,"pivot":{"x":614.464599609375,"y":260.3623046875,"z":199.99241638183595},"rotation":{"x":0.1104590967297554,"y":0.8585090041160584,"z":-0.2081758826971054,"w":0.4554866552352905},"size":100.69570922851563,"orthographic":false}