{"cameraMode":{"drawMode":0,"name":"Shaded","section":"Shading Mode"},"sceneLighting":false,"audioPlay":false,"sceneViewState":{"showFog":true,"showMaterialUpdate":false,"showSkybox":true,"showFlares":true,"showImageEffects":true,"showParticleSystems":true},"in2DMode":false,"pivot":{"x":115.85845947265625,"y":271.92388916015627,"z":-467.7812194824219},"rotation":{"x":-0.07613755762577057,"y":-0.1838216632604599,"z":0.013587440364062786,"w":-0.9801169633865356},"size":135.19357299804688,"orthographic":false}