{"cameraMode":{"drawMode":0,"name":"Shaded","section":"Shading Mode"},"sceneLighting":false,"audioPlay":false,"sceneViewState":{"showFog":true,"showMaterialUpdate":false,"showSkybox":true,"showFlares":true,"showImageEffects":true,"showParticleSystems":true},"in2DMode":false,"pivot":{"x":371.7728271484375,"y":606.6848754882813,"z":-389.43402099609377},"rotation":{"x":-0.1525362879037857,"y":-0.13063079118728639,"z":0.020342770963907243,"w":-0.9794196486473084},"size":53.82514953613281,"orthographic":false}