{"cameraMode":{"drawMode":0,"name":"Shaded","section":"Shading Mode"},"sceneLighting":false,"audioPlay":false,"sceneViewState":{"showFog":true,"showMaterialUpdate":false,"showSkybox":true,"showFlares":true,"showImageEffects":true,"showParticleSystems":true},"in2DMode":false,"pivot":{"x":454.3899230957031,"y":56.858428955078128,"z":505.82122802734377},"rotation":{"x":0.01534457877278328,"y":0.9851211905479431,"z":-0.10460895299911499,"w":0.13709476590156556},"size":30.247785568237306,"orthographic":false}