{"cameraMode":{"drawMode":0,"name":"Shaded","section":"Shading Mode"},"sceneLighting":false,"audioPlay":false,"sceneViewState":{"showFog":true,"showMaterialUpdate":false,"showSkybox":true,"showFlares":true,"showImageEffects":true,"showParticleSystems":true},"in2DMode":false,"pivot":{"x":1007.0869750976563,"y":-80.69068908691406,"z":675.4490356445313},"rotation":{"x":-0.05307374149560928,"y":-0.629822850227356,"z":0.043088871985673907,"w":-0.7740213871002197},"size":1128.7679443359375,"orthographic":false}