{"cameraMode":{"drawMode":0,"name":"Shaded","section":"Shading Mode"},"sceneLighting":false,"audioPlay":false,"sceneViewState":{"showFog":true,"showMaterialUpdate":false,"showSkybox":false,"showFlares":true,"showImageEffects":true,"showParticleSystems":true},"in2DMode":false,"pivot":{"x":-20.616687774658204,"y":-16.601743698120118,"z":30.475383758544923},"rotation":{"x":0.274715393781662,"y":-0.23632794618606568,"z":0.0698537826538086,"w":0.9294102787971497},"size":56.28044509887695,"orthographic":false}