{"cameraMode":{"drawMode":0,"name":"Shaded","section":"Shading Mode"},"sceneLighting":false,"audioPlay":false,"sceneViewState":{"showFog":true,"showMaterialUpdate":false,"showSkybox":true,"showFlares":true,"showImageEffects":true,"showParticleSystems":true},"in2DMode":false,"pivot":{"x":-904.8172607421875,"y":-3051.052490234375,"z":-7001.5537109375},"rotation":{"x":0.015086716040968895,"y":-0.9773762226104736,"z":0.19703255593776704,"w":0.07676250487565994},"size":9210.55078125,"orthographic":false}