{"cameraMode":{"drawMode":0,"name":"Shaded","section":"Shading Mode"},"sceneLighting":true,"audioPlay":false,"sceneViewState":{"showFog":true,"showMaterialUpdate":false,"showSkybox":true,"showFlares":true,"showImageEffects":true,"showParticleSystems":true},"in2DMode":false,"pivot":{"x":214.95802307128907,"y":-349.49603271484377,"z":1458.4942626953125},"rotation":{"x":0.18568943440914155,"y":0.08595570176839829,"z":-0.016309842467308046,"w":0.9787091612815857},"size":1180.0347900390625,"orthographic":false}