{"cameraMode":{"drawMode":0,"name":"Shaded","section":"Shading Mode"},"sceneLighting":false,"audioPlay":false,"sceneViewState":{"showFog":true,"showMaterialUpdate":false,"showSkybox":true,"showFlares":true,"showImageEffects":true,"showParticleSystems":true},"in2DMode":false,"pivot":{"x":-19.290435791015626,"y":5.754266738891602,"z":47.518409729003909},"rotation":{"x":0.23607191443443299,"y":-0.0922928974032402,"z":0.022464217618107797,"w":0.9671651124954224},"size":118.48848724365235,"orthographic":false}