{"cameraMode":{"drawMode":0,"name":"Shaded","section":"Shading Mode"},"sceneLighting":false,"audioPlay":false,"sceneViewState":{"showFog":true,"showMaterialUpdate":false,"showSkybox":true,"showFlares":true,"showImageEffects":true,"showParticleSystems":true},"in2DMode":false,"pivot":{"x":15.778267860412598,"y":-31.947509765625,"z":-397.7176208496094},"rotation":{"x":-0.001836752169765532,"y":-0.9943559765815735,"z":0.10719812661409378,"w":-0.011326750740408898},"size":431.2991943359375,"orthographic":false}