{"cameraMode":{"drawMode":0,"name":"Shaded","section":"Shading Mode"},"sceneLighting":false,"audioPlay":false,"sceneViewState":{"showFog":true,"showMaterialUpdate":false,"showSkybox":true,"showFlares":true,"showImageEffects":true,"showParticleSystems":true},"in2DMode":false,"pivot":{"x":225.65846252441407,"y":91.07122039794922,"z":-203.264404296875},"rotation":{"x":-0.10423421859741211,"y":-0.005018304567784071,"z":0.00042988432687707245,"w":-0.9947729110717773},"size":28.17923927307129,"orthographic":false}