{"cameraMode":{"drawMode":0,"name":"Shaded","section":"Shading Mode"},"sceneLighting":false,"audioPlay":false,"sceneViewState":{"showFog":true,"showMaterialUpdate":false,"showSkybox":true,"showFlares":true,"showImageEffects":true,"showParticleSystems":true},"in2DMode":false,"pivot":{"x":60.433204650878909,"y":53.687191009521487,"z":-3.205740213394165},"rotation":{"x":-0.006363191641867161,"y":0.9928970336914063,"z":-0.09356650710105896,"w":-0.07581814378499985},"size":4.38493537902832,"orthographic":false}