{"cameraMode":{"drawMode":0,"name":"Shaded","section":"Shading Mode"},"sceneLighting":true,"audioPlay":false,"sceneViewState":{"showFog":true,"showMaterialUpdate":false,"showSkybox":true,"showFlares":true,"showImageEffects":true,"showParticleSystems":true},"in2DMode":false,"pivot":{"x":455.9608459472656,"y":-329.8184509277344,"z":414.9151916503906},"rotation":{"x":0.21850626170635224,"y":0.37354618310928347,"z":-0.0906858742237091,"w":0.8970839977264404},"size":790.5619506835938,"orthographic":false}