{"cameraMode":{"drawMode":0,"name":"Shaded","section":"Shading Mode"},"sceneLighting":true,"audioPlay":false,"sceneViewState":{"showFog":true,"showMaterialUpdate":false,"showSkybox":true,"showFlares":true,"showImageEffects":true,"showParticleSystems":true},"in2DMode":false,"pivot":{"x":29.545005798339845,"y":70.64263153076172,"z":375.0495910644531},"rotation":{"x":0.14621302485466004,"y":0.5819623470306397,"z":-0.10735621303319931,"w":0.7927644848823547},"size":7.045034885406494,"orthographic":false}