{"cameraMode":{"drawMode":0,"name":"Shaded","section":"Shading Mode"},"sceneLighting":false,"audioPlay":false,"sceneViewState":{"showFog":true,"showMaterialUpdate":false,"showSkybox":true,"showFlares":true,"showImageEffects":true,"showParticleSystems":true},"in2DMode":false,"pivot":{"x":115.85845947265625,"y":271.92388916015627,"z":-467.7812194824219},"rotation":{"x":0.022766560316085817,"y":-0.14282871782779694,"z":-0.00399191165342927,"w":-0.9896814227104187},"size":297.9508361816406,"orthographic":false}