{"cameraMode":{"drawMode":0,"name":"Shaded","section":"Shading Mode"},"sceneLighting":true,"audioPlay":false,"sceneViewState":{"showFog":true,"showMaterialUpdate":false,"showSkybox":true,"showFlares":true,"showImageEffects":true,"showParticleSystems":true},"in2DMode":false,"pivot":{"x":108.46617889404297,"y":77.51496887207031,"z":522.773193359375},"rotation":{"x":-0.027318870648741723,"y":0.14196431636810304,"z":0.003918592818081379,"w":0.9894899725914002},"size":294.6639404296875,"orthographic":false}